mouvement, vAcc 1, vAcc 2, vAcc 3, vAcc 4, vAcc 5, vAcc 6, vAcc 7, vAcc 8, vAcc 9, vAcc 10, vAcc 11, vAcc 12, vAcc 13, vAcc 14, vAcc 15, vAcc 16, vAcc 17, vAcc 18, vAcc 19, vAcc 20, vAcc 21, vAcc 22, vAcc 23, vAcc 24, vAcc 25, vAcc 26, vAcc 27, vAcc 28, vAcc 29, vAcc 30, vAcc 31, vAcc 32, vAcc 33, vAcc 34, vAcc 35, vAcc 36, vAcc 37, vAcc 38, vAcc 39, vAcc 40, vAcc 41, vAcc 42, vAcc 43, vAcc 44, vAcc 45, vAcc 46, vAcc 47, vAcc 48, vAcc 49, vAcc 50, vAcc 51, vAcc 52, vAcc 53, vAcc 54, vAcc 55, vAcc 56, vAcc 57, vAcc 58, vAcc 59, vAcc 60, vAcc 61, vAcc 62, vAcc 63, vAcc 64, vAcc 65, vAcc 66, vAcc 67, vAcc 68, vAcc 69, vAcc 70, vAcc 71, vAcc 72, vAcc 73, vAcc 74, vAcc 75, vAcc 76, vAcc 77, vAcc 78, vAcc 79, vAcc 80, vAcc 81, vAcc 82, vAcc 83, vAcc 84, vAcc 85, vAcc 86, vAcc 87, vAcc 88, vAcc 89, vAcc 90, vAcc 91, vAcc 92, vAcc 93, vAcc 94, vAcc 95, vAcc 96, vAcc 97, vAcc 98, vAcc 99, vAcc 100, vAcc 101, vAcc 102, vAcc 103, vAcc 104, vAcc 105, vAcc 106, vAcc 107, vAcc 108, vAcc 109, vAcc 110, vAcc 111, vAcc 112, vAcc 113, vAcc 114, vAcc 115, vAcc 116, vAcc 117, vAcc 118, vAcc 119, vAcc 120, vAcc 121, vAcc 122, vAcc 123, vAcc 124, vAcc 125, vAcc 126, vAcc 127, vAcc 128, vAcc 129, vAcc 130, vAcc 131, vAcc 132, vAcc 133, vAcc 134, vAcc 135, vAcc 136, vAcc 137, vAcc 138, vAcc 139, vAcc 140, vAcc 141, vAcc 142, vAcc 143, vAcc 144, vAcc 145, vAcc 146, vAcc 147, vAcc 148, vAcc 149, vAcc 150, vAcc 151, vAcc 152, vAcc 153, vAcc 154, vAcc 155, vAcc 156, vAcc 157, vAcc 158, vAcc 159, vAcc 160, vAcc 161, vAcc 162, vAcc 163, vAcc 164, vAcc 165, vAcc 166, vAcc 167, vAcc 168, vAcc 169, vAcc 170, vAcc 171, vAcc 172, vAcc 173, vAcc 174, vAcc 175, vAcc 176, vAcc 177, vAcc 178, vAcc 179, vAcc 180, vAcc 181, vAcc 182, vAcc 183, vAcc 184, vAcc 185, vAcc 186, vAcc 187, vAcc 188, vAcc 189, vAcc 190, vAcc 191, vAcc 192, vAcc 193, vAcc 194, vAcc 195, vAcc 196, vAcc 197, vAcc 198, vAcc 199, vAcc 200, vAcc 201, vAcc 202, vAcc 203, vAcc 204, vAcc 205, vAcc 206, vAcc 207, vAcc 208, vAcc 209, vAcc 210, vAcc 211, vAcc 212, vAcc 213, vAcc 214, vAcc 215, vAcc 216, vAcc 217, vAcc 218, vAcc 219, vAcc 220, vAcc 221, vAcc 222, vAcc 223, vAcc 224, vAcc 225, vAcc 226, vAcc 227, vAcc 228, vAcc 229, vAcc 230, vAcc 231, vAcc 232, vAcc 233, vAcc 234, vAcc 235, vAcc 236, vAcc 237, vAcc 238, vAcc 239, vAcc 240, vAcc 241, vAcc 242, vAcc 243, vAcc 244, vAcc 245, vAcc 246, vAcc 247, vAcc 248, vAcc 249, vAcc 250, vAcc 251, vAcc 252, vAcc 253, vAcc 254, vAcc 255, vAcc 256, vAcc 257, vAcc 258, vAcc 259, vAcc 260, vAcc 261, vAcc 262, vAcc 263, vAcc 264, vAcc 265, vAcc 266, vAcc 267, vAcc 268, vAcc 269, vAcc 270, vAcc 271, vAcc 272, vAcc 273, vAcc 274, vAcc 275, vAcc 276, vAcc 277, vAcc 278, vAcc 279, vAcc 280, vAcc 281, vAcc 282, vAcc 283, vAcc 284, vAcc 285, vAcc 286, vAcc 287, vAcc 288, vAcc 289, vAcc 290, vAcc 291, vAcc 292, vAcc 293, vAcc 294, vAcc 295, vAcc 296, vAcc 297, vAcc 298, vAcc 299, vAcc 300, vAcc 301, vAcc 302, vAcc 303, vAcc 304, vAcc 305, vAcc 306, vAcc 307, vAcc 308, vAcc 309, vAcc 310, vAcc 311, vAcc 312, vAcc 313, vAcc 314, vAcc 315, vAcc 316, vAcc 317, vAcc 318, vAcc 319, vAcc 320, vAcc 321, vAcc 322, vAcc 323, vAcc 324, vAcc 325, vAcc 326, vAcc 327, vAcc 328, vAcc 329, vAcc 330, vAcc 331, vAcc 332, vAcc 333, vAcc 334, vAcc 335, vAcc 336, vAcc 337, vAcc 338, vAcc 339, vAcc 340, vAcc 341, vAcc 342, vAcc 343, vAcc 344, vAcc 345, vAcc 346, vAcc 347, vAcc 348, vAcc 349, vAcc 350, vAcc 351, vAcc 352, vAcc 353, vAcc 354, vAcc 355, vAcc 356, vAcc 357, vAcc 358, vAcc 359, vAcc 360, vAcc 361, vAcc 362, vAcc 363, vAcc 364, vAcc 365, vAcc 366, vAcc 367, vAcc 368, vAcc 369, vAcc 370, vAcc 371, vAcc 372, vAcc 373, vAcc 374, vAcc 375, vAcc 376, vAcc 377, vAcc 378, vAcc 379, vAcc 380, vAcc 381, vAcc 382, vAcc 383, vAcc 384, vAcc 385, vAcc 386, vAcc 387, vAcc 388, vAcc 389, vAcc 390, vAcc 391, vAcc 392, vAcc 393, vAcc 394, vAcc 395, vAcc 396, vAcc 397, vAcc 398, vAcc 399, vAcc 400, vAcc 401, vAcc 402, vAcc 403, vAcc 404, vAcc 405, vAcc 406, vAcc 407, vAcc 408, vAcc 409, vAcc 410, vAcc 411, vAcc 412, vAcc 413, vAcc 414, vAcc 415, vAcc 416, vAcc 417, vAcc 418, vAcc 419, vAcc 420, vAcc 421, vAcc 422, vAcc 423, vAcc 424, vAcc 425, vAcc 426, vAcc 427, vAcc 428, vAcc 429, vAcc 430, vAcc 431, vAcc 432, vAcc 433, vAcc 434, vAcc 435, vAcc 436, vAcc 437, vAcc 438, vAcc 439, vAcc 440, vAcc 441, vAcc 442, vAcc 443, vAcc 444, vAcc 445, vAcc 446, vAcc 447, vAcc 448, vAcc 449, vAcc 450, vAcc 451, vAcc 452, vAcc 453, vAcc 454, vAcc 455, vAcc 456, vAcc 457, vAcc 458, vAcc 459, vAcc 460, vAcc 461, vAcc 462, vAcc 463, vAcc 464, vAcc 465, vAcc 466, vAcc 467, vAcc 468, vAcc 469, vAcc 470, vAcc 471, vAcc 472, vAcc 473, vAcc 474, vAcc 475, vAcc 476, vAcc 477, vAcc 478, vAcc 479, vAcc 480, vAcc 481, vAcc 482, vAcc 483, vAcc 484, vAcc 485, vAcc 486, vAcc 487, vAcc 488, vAcc 489, vAcc 490, vAcc 491, vAcc 492, vAcc 493, vAcc 494, vAcc 495, vAcc 496, vAcc 497, vAcc 498, vAcc 499, vAcc 500, vAcc 501, vAcc 502, vAcc 503, vAcc 504, vAcc 505, vAcc 506, vAcc 507, vAcc 508, vAcc 509, vAcc 510, vAcc 511, vAcc 512, vAcc 513, vAcc 514, vAcc 515, vAcc 516, vAcc 517, vAcc 518, vAcc 519, vAcc 520, vAcc 521, vAcc 522, vAcc 523, vAcc 524, vAcc 525, vAcc 526, vAcc 527, vAcc 528, vAcc 529, vAcc 530, vAcc 531, vAcc 532, vAcc 533, vAcc 534, vAcc 535, vAcc 536, vAcc 537, vAcc 538, vAcc 539, vAcc 540, vAcc 541, vAcc 542, vAcc 543, vAcc 544, vAcc 545, vAcc 546, vAcc 547, vAcc 548, vAcc 549, vAcc 550, vAcc 551, vAcc 552, vAcc 553, vAcc 554, vAcc 555, vAcc 556, vAcc 557, vAcc 558, vAcc 559, vAcc 560, vAcc 561, vAcc 562, vAcc 563, vAcc 564, vAcc 565, vAcc 566, vAcc 567, vAcc 568, vAcc 569, vAcc 570, vAcc 571, vAcc 572, vAcc 573, vAcc 574, vAcc 575, vAcc 576, vAcc 577, vAcc 578, vAcc 579, vAcc 580, vAcc 581, vAcc 582, vAcc 583, vAcc 584, vAcc 585, vAcc 586, vAcc 587, vAcc 588, vAcc 589, vAcc 590, vAcc 591, vAcc 592, vAcc 593, vAcc 594, vAcc 595, vAcc 596, vAcc 597, vAcc 598, vAcc 599, vAcc 600
1,0.588282,0.648448,0.583127,0.634314,0.633309,0.569862,0.598148,0.514274,0.550683,0.561982,0.576378,0.658826,0.649312,0.626989,0.620723,0.703595,0.628622,0.603541,0.637072,0.757330,0.673516,0.614906,0.584217,0.577812,0.619533,0.561605,0.527591,0.587948,0.619682,0.630859,0.590997,0.650469,0.657784,0.615788,0.608234,0.566425,0.628659,0.616395,0.597260,0.565116,0.606698,0.570444,0.560942,0.576305,0.533660,0.542784,0.549900,0.618434,0.657052,0.553264,0.596955,0.587696,0.604355,0.546329,0.558480,0.562400,0.646289,0.648118,0.592946,0.671655,0.633513,0.647314,0.640893,0.626852,0.693551,0.607505,0.563172,0.514702,0.532571,0.586556,0.618802,0.575676,0.577817,0.610654,0.601442,0.585430,0.641440,0.716682,0.708560,0.621629,0.643241,0.713847,0.677981,0.585123,0.633302,0.608379,0.631704,0.593817,0.601704,0.636953,0.614085,0.629132,0.589459,0.601498,0.595261,0.619386,0.620866,0.539865,0.532995,0.557306,0.564447,0.615604,0.655169,0.567298,0.617284,0.621119,0.630531,0.669164,0.728100,0.672845,0.725584,0.696813,0.680734,0.601410,0.603221,0.609689,0.641446,0.688532,0.535676,0.574853,0.603037,0.572144,0.549716,0.567193,0.589470,0.633109,0.667338,0.618107,0.566069,0.540248,0.573958,0.609566,0.534411,0.612837,0.614052,0.557816,0.619402,0.700438,0.629337,0.664219,0.630300,0.636089,0.533509,0.491025,0.559137,0.584937,0.607126,0.608368,0.634462,0.574187,0.598714,0.679546,0.606263,0.601615,0.543493,0.654602,0.682210,0.562843,0.553683,0.702760,0.682114,0.653146,0.708422,0.717878,0.631476,0.641062,0.699147,0.606367,0.632352,0.640933,0.645200,0.611801,0.548261,0.628291,0.704073,0.691874,0.679860,0.631861,0.641879,0.682371,0.635390,0.592888,0.582754,0.646603,0.565080,0.630167,0.682002,0.665556,0.639735,0.624400,0.681711,0.731434,0.670398,0.638165,0.600863,0.578282,0.561814,0.547905,0.672744,0.706319,0.653029,0.576076,0.568743,0.549916,0.575092,0.685621,0.600163,0.575028,0.641551,0.515067,0.518580,0.608664,0.616038,0.662264,0.737409,0.788277,0.701445,0.797479,0.685897,0.669020,0.571676,0.624692,0.710011,0.687724,0.652676,0.627772,0.553546,0.560252,0.610864,0.631544,0.688405,0.590308,0.603565,0.630750,0.648464,0.669187,0.643441,0.558235,0.592756,0.571292,0.566060,0.589157,0.635754,0.721929,0.665143,0.592201,0.604774,0.739030,0.704855,0.628590,0.797473,0.800641,0.584894,0.661987,0.571394,0.678086,0.622462,0.622963,0.662195,0.614111,0.578972,0.564336,0.574653,0.609080,0.601780,0.601107,0.620219,0.639369,0.615102,0.629537,0.584869,0.623651,0.664371,0.620939,0.569928,0.606440,0.677483,0.632730,0.602942,0.638245,0.720163,0.602953,0.580548,0.590334,0.556083,0.567924,0.565566,0.630062,0.583978,0.606088,0.673783,0.596806,0.577250,0.667536,0.702951,0.617853,0.583534,0.558163,0.622442,0.580604,0.588733,0.573383,0.562618,0.596434,0.607104,0.602557,0.628288,0.685311,0.662457,0.722185,0.681574,0.625708,0.562458,0.615857,0.565263,0.622517,0.669417,0.626110,0.603666,0.577546,0.616566,0.589072,0.711359,0.640175,0.623779,0.659305,0.593722,0.571630,0.671808,0.630584,0.627685,0.691430,0.652473,0.664622,0.599642,0.673784,0.726075,0.707876,0.626769,0.608485,0.630460,0.584785,0.559471,0.573309,0.597589,0.558038,0.590657,0.599549,0.536988,0.712151,0.691704,0.615443,0.632597,0.673649,0.772624,0.788368,0.691793,0.684323,0.598510,0.616563,0.712647,0.674243,0.649675,0.616609,0.688024,0.654618,0.661091,0.601959,0.568200,0.572373,0.622358,0.607447,0.607757,0.593527,0.660408,0.622478,0.592523,0.664419,0.634826,0.720630,0.713385,0.755602,0.728188,0.744816,0.648126,0.650703,0.704601,0.585189,0.629843,0.648868,0.567428,0.577501,0.609565,0.595459,0.650336,0.567575,0.536916,0.617804,0.708761,0.718882,0.638669,0.725875,0.646826,0.659579,0.679854,0.679321,0.797742,0.677386,0.678741,0.581205,0.599712,0.575432,0.581082,0.710307,0.691921,0.618780,0.584187,0.601815,0.646643,0.661993,0.617692,0.606531,0.649913,0.683480,0.713960,0.673827,0.655679,0.681336,0.667623,0.611121,0.620618,0.612534,0.543836,0.568365,0.619491,0.637300,0.735194,0.708421,0.695540,0.615501,0.671624,0.623754,0.671343,0.681063,0.680105,0.625449,0.631215,0.596090,0.619296,0.669675,0.656516,0.653832,0.591048,0.609203,0.589309,0.582509,0.600379,0.605880,0.696936,0.607971,0.511919,0.516347,0.541348,0.584010,0.605604,0.603558,0.644514,0.612619,0.583252,0.523188,0.603098,0.643007,0.631093,0.619145,0.590697,0.581270,0.593657,0.658435,0.562206,0.559445,0.592258,0.623895,0.626235,0.594295,0.563229,0.580569,0.583620,0.592042,0.578228,0.598604,0.663354,0.605926,0.614952,0.663200,0.596897,0.648416,0.605847,0.697575,0.625873,0.574805,0.567239,0.562448,0.547242,0.557348,0.641999,0.577137,0.601236,0.598017,0.692204,0.717871,0.640912,0.611025,0.617079,0.596910,0.538625,0.501285,0.544456,0.627082,0.588996,0.547950,0.520960,0.578714,0.585932,0.645061,0.556610,0.541937,0.569980,0.649709,0.600631,0.585955,0.573464,0.565789,0.561937,0.578420,0.568420,0.625465,0.605713,0.652891,0.695912,0.675412,0.604531,0.592198,0.559804,0.618244,0.610203,0.516994,0.607648,0.663604,0.591294,0.585267,0.629410,0.630978,0.653271,0.714644,0.713717,0.672025,0.611349,0.626361,0.668958,0.679329,0.581639,0.531375,0.528837,0.579150,0.567715,0.583817,0.592838,0.600276,0.563387,0.531972,0.528645,0.592476,0.566815,0.531763,0.586031,0.614582,0.541345,0.578277,0.590589,0.569780,0.595247,0.606187,0.706642,0.604081,0.577018,0.617204,0.574030,0.588476,0.564490,0.594448,0.709150,0.666636,0.690398,0.598294,0.587665,0.554798,0.557791,0.583936,0.554264,0.538241
1,0.141870,0.167353,0.124047,0.229973,0.193291,0.170506,0.154412,0.119912,0.174352,0.106676,0.186042,0.337029,0.419706,0.224807,0.119256,0.369148,0.203820,0.154717,0.166064,0.574717,0.424412,0.216671,0.102169,0.131095,0.232792,0.195335,0.157681,0.281834,0.216755,0.235535,0.155052,0.257901,0.274893,0.174319,0.266578,0.262353,0.358363,0.447257,0.249193,0.171466,0.169862,0.229067,0.175177,0.180534,0.121736,0.118431,0.127969,0.237621,0.309273,0.131181,0.168346,0.198740,0.256608,0.102388,0.077778,0.121376,0.302234,0.224726,0.103268,0.170056,0.267091,0.374227,0.322495,0.313921,0.559590,0.266819,0.152093,0.100034,0.109533,0.136322,0.183986,0.117606,0.120853,0.201143,0.112969,0.085519,0.168259,0.495196,0.262958,0.168240,0.295483,0.488506,0.290420,0.164789,0.281886,0.179758,0.220646,0.200068,0.272057,0.216617,0.156413,0.211926,0.164775,0.193515,0.118445,0.174851,0.231672,0.088831,0.099216,0.137818,0.125908,0.305731,0.323482,0.125690,0.225916,0.155770,0.149345,0.213476,0.601016,0.339167,0.380798,0.310417,0.281163,0.170842,0.145159,0.153293,0.202671,0.365860,0.199130,0.200636,0.246382,0.174585,0.120950,0.132932,0.128070,0.219244,0.258979,0.143229,0.148296,0.134526,0.159351,0.239073,0.163392,0.128975,0.133475,0.110947,0.190635,0.404916,0.162187,0.262911,0.158131,0.182612,0.075126,0.072063,0.367877,0.139016,0.149353,0.171876,0.302517,0.174585,0.271609,0.292184,0.118753,0.164605,0.106649,0.223651,0.267913,0.087146,0.076478,0.324888,0.283468,0.236984,0.294483,0.258709,0.148910,0.142154,0.728636,0.163186,0.286283,0.291937,0.263403,0.173696,0.077873,0.102365,0.271630,0.202801,0.301087,0.219381,0.271133,0.308419,0.302936,0.177962,0.110347,0.318841,0.091328,0.180440,0.340854,0.140359,0.193976,0.156653,0.181421,0.334218,0.335692,0.196933,0.135473,0.152868,0.128473,0.120823,0.345282,0.263550,0.159907,0.119585,0.124674,0.113343,0.131966,0.445134,0.228947,0.145027,0.204199,0.121470,0.097566,0.184318,0.188287,0.227984,0.380317,0.437445,0.241061,0.646048,0.213002,0.239348,0.197554,0.243944,0.377650,0.440754,0.191305,0.255644,0.090093,0.234836,0.249312,0.367818,0.400796,0.121315,0.139927,0.173128,0.147462,0.332747,0.219670,0.075292,0.113397,0.120237,0.112937,0.151819,0.235038,0.352940,0.185670,0.234127,0.181771,0.357997,0.339660,0.238058,0.590776,0.606735,0.129851,0.231723,0.142358,0.583523,0.254007,0.179116,0.625957,0.482982,0.156609,0.115451,0.072995,0.141292,0.160607,0.143651,0.175224,0.175249,0.256198,0.188153,0.094013,0.176225,0.384985,0.149534,0.126946,0.224713,0.248407,0.180825,0.234017,0.210824,0.300778,0.153750,0.114246,0.094101,0.101808,0.087841,0.116658,0.218042,0.147373,0.214249,0.269368,0.170006,0.133902,0.415331,0.438971,0.240860,0.395344,0.147202,0.302400,0.146972,0.116033,0.109038,0.093210,0.233261,0.187295,0.132604,0.131694,0.291049,0.176758,0.394286,0.179583,0.174678,0.115439,0.233062,0.112967,0.139256,0.224569,0.143380,0.134619,0.130511,0.313927,0.209488,0.527125,0.224335,0.254562,0.244763,0.141802,0.124585,0.250056,0.152471,0.203122,0.377069,0.225851,0.262610,0.102767,0.489245,0.373275,0.292096,0.189457,0.137415,0.181978,0.139124,0.123967,0.129902,0.175636,0.183070,0.207561,0.184726,0.081427,0.549533,0.225779,0.135912,0.177082,0.188864,0.401950,0.648553,0.218934,0.257194,0.135716,0.259728,0.320271,0.215108,0.236103,0.168256,0.267955,0.199789,0.196254,0.126644,0.090307,0.205460,0.180498,0.132744,0.191098,0.110665,0.170046,0.137453,0.153232,0.162184,0.266104,0.353269,0.278876,0.407262,0.227110,0.421641,0.223624,0.144068,0.218365,0.145516,0.180310,0.216527,0.159105,0.161834,0.226787,0.118006,0.243445,0.172613,0.118375,0.190072,0.333408,0.338948,0.155137,0.384913,0.189380,0.192887,0.450706,0.220297,0.812193,0.176778,0.215015,0.126948,0.130632,0.109383,0.126642,0.696293,0.197458,0.111060,0.157010,0.204603,0.163419,0.163128,0.133653,0.153667,0.250623,0.257239,0.389252,0.265656,0.173127,0.192563,0.188364,0.129669,0.147839,0.190895,0.104587,0.120978,0.223521,0.181324,0.301928,0.194158,0.144000,0.123488,0.277745,0.193155,0.501122,0.267865,0.310212,0.116942,0.166466,0.164341,0.275011,0.234727,0.217837,0.201533,0.067039,0.131870,0.120011,0.162906,0.214068,0.192052,0.565121,0.189688,0.079494,0.120179,0.167924,0.183062,0.180115,0.147221,0.167710,0.260242,0.188129,0.083781,0.130938,0.228990,0.270409,0.151666,0.183043,0.317005,0.198021,0.282640,0.167957,0.162920,0.247820,0.175551,0.207705,0.126179,0.116369,0.140020,0.185872,0.134732,0.113497,0.105300,0.239885,0.195635,0.156539,0.252366,0.220101,0.465572,0.242108,0.642115,0.183928,0.123266,0.210278,0.145810,0.151346,0.168270,0.463864,0.102346,0.133083,0.156980,0.321829,0.394755,0.200140,0.111819,0.188080,0.134887,0.104344,0.096515,0.194413,0.420163,0.179911,0.142634,0.074249,0.166446,0.287444,0.503594,0.137860,0.121673,0.171453,0.274377,0.171351,0.179460,0.196094,0.158132,0.133509,0.112194,0.096797,0.145106,0.156445,0.238921,0.378490,0.322799,0.174243,0.177898,0.139326,0.137067,0.287298,0.082249,0.171384,0.235310,0.110184,0.116555,0.243509,0.223604,0.202797,0.351541,0.419023,0.284027,0.269567,0.318184,0.255642,0.216782,0.177586,0.145825,0.086806,0.161257,0.137697,0.150233,0.149676,0.146616,0.148780,0.130751,0.218125,0.308524,0.149364,0.166484,0.220730,0.301286,0.116709,0.170146,0.182692,0.098846,0.154680,0.170753,0.666044,0.120387,0.151618,0.221261,0.098348,0.174072,0.157011,0.139109,0.474199,0.265763,0.367484,0.179319,0.172458,0.133322,0.191543,0.216015,0.073578,0.092693
1, 0.619973
2,1.311569,1.464845,1.465949,1.400226,1.349713,1.358281,1.132154,1.298091,1.351277,1.203701,1.383687,1.440210,1.423474,1.441758,1.207085,1.221210,1.295673,1.424403,1.379837,1.433524,1.326471,1.538024,1.342243,1.350285,1.453700,1.449109,1.416319,1.457017,1.399087,1.167754,1.326280,1.428072,1.533379,1.217882,1.234943,1.276168,1.377250,1.346065,1.437459,1.638743,1.399583,1.405693,1.468079,1.381630,1.481742,1.357869,1.373991,1.526428,1.512583,1.353407,1.308874,1.457918,1.251139,1.424308,1.603069,1.423601,1.466706,1.546538,1.257202,1.331138,1.329596,1.310120,1.519709,1.572629,1.490345,1.437020,1.302770,1.300638,1.411621,1.491772,1.537768,1.399610,1.620081,1.390475,1.450036,1.385021,1.495782,1.431463,1.357893,1.567187,1.461899,1.403481,1.490607,1.448276,1.710474,1.544237,1.487468,1.549327,1.383062,1.431564,1.251061,1.356876,1.493371,1.461280,1.549910,1.416593,1.222480,1.280939,1.406889,1.346134,1.462378,1.688288,1.605356,1.328560,1.412310,1.453851,1.485671,1.427234,1.448281,1.498169,1.412165,1.415985,1.403844,1.330639,1.288678,1.294338,1.403575,1.496887,1.474640,1.442614,1.630083,1.550623,1.439285,1.375968,1.486867,1.483285,1.551943,1.383368,1.299342,1.335508,1.386504,1.413747,1.393101,1.395693,1.579660,1.266987,1.338147,1.437146,1.359376,1.812535,1.783331,1.609623,1.242937,1.460922,1.592764,1.509075,1.288191,1.435340,1.240735,1.309808,1.219549,1.277843,1.388874,1.657483,1.438851,1.600617,1.821333,1.369456,1.510127,1.515940,1.355845,1.619966,1.523762,1.467525,1.404836,1.356215,1.421884,1.429694,1.388369,1.350772,1.464014,1.650293,1.577015,1.621649,1.450258,1.562437,1.827167,1.510101,1.363209,1.498118,1.675480,1.599774,1.355175,1.300842,1.360266,1.208917,1.293156,1.526243,1.469405,1.521220,1.612653,1.754499,1.630707,1.561721,1.433391,1.312050,1.424666,1.473706,1.316771,1.480887,1.539888,1.653591,1.570338,1.249489,1.266505,1.334879,1.350054,1.588640,1.748271,1.592923,1.486760,1.261130,1.368965,1.438258,1.503553,1.587800,1.454133,1.573189,1.450763,1.295531,1.253001,1.296196,1.411909,1.666523,1.505124,1.518276,1.427742,1.479438,1.379804,1.463780,1.515579,1.579253,1.275968,1.216473,1.232923,1.447506,1.756478,1.487490,1.429522,1.417266,1.634514,1.503871,1.484217,1.390992,1.509174,1.643365,1.451604,1.510027,1.352546,1.242705,1.467619,1.558423,1.406822,1.470196,1.438566,1.464524,1.465271,1.544322,1.563894,1.386209,1.366758,1.471790,1.451056,1.375908,1.322992,1.384178,1.420586,1.332731,1.344465,1.302729,1.350282,1.370086,1.435008,1.508255,1.444554,1.641393,1.721626,1.514330,1.329847,1.522975,1.271062,1.455548,1.466099,1.546885,1.450031,1.355328,1.609590,1.489751,1.358170,1.304835,1.492241,1.735168,1.525258,1.479087,1.527279,1.328837,1.464167,1.461244,1.439894,1.348287,1.298834,1.429237,1.539271,1.546333,1.304050,1.359717,1.354242,1.354201,1.499455,1.552523,1.428541,1.557905,1.394599,1.467143,1.583399,1.292028,1.389834,1.342239,1.245671,1.464990,1.528467,1.636678,1.482982,1.488431,1.532154,1.476584,1.370419,1.263730,1.470684,1.597839,1.459192,1.302965,1.306248,1.263538,1.325295,1.515134,1.604437,1.428442,1.488254,1.581605,1.347555,1.456309,1.329556,1.292590,1.307046,1.404511,1.385046,1.431826,1.394584,1.468282,1.485044,1.229568,1.352112,1.350766,1.228144,1.292530,1.384066,1.595274,1.709011,1.514412,1.378877,1.312656,1.295533,1.249628,1.203012,1.257669,1.326719,1.452769,1.461143,1.371338,1.456218,1.252442,1.405730,1.689692,1.567956,1.494706,1.246993,1.229014,1.271037,1.320430,1.394307,1.273791,1.181834,1.325242,1.387495,1.395921,1.403823,1.328190,1.412911,1.378183,1.370799,1.326265,1.441735,1.431837,1.692197,1.513974,1.298406,1.284704,1.299270,1.384710,1.338537,1.384322,1.243277,1.248846,1.312295,1.283916,1.257350,1.527296,1.320238,1.530503,1.257651,1.385124,1.477582,1.553503,1.395803,1.288042,1.307261,1.220070,1.228121,1.462848,1.418187,1.363003,1.426278,1.435513,1.245504,1.451918,1.700694,1.496205,1.351894,1.451676,1.455177,1.462997,1.603834,1.353864,1.261789,1.400766,1.325267,1.175928,1.359874,1.349258,1.618329,1.567899,1.513742,1.558137,1.288394,1.246305,1.477827,1.517615,1.658784,1.439665,1.361144,1.149507,1.138722,1.304833,1.318004,1.576723,1.684068,1.409071,1.143774,1.277613,1.452509,1.369402,1.560613,1.681384,1.468164,1.397933,1.302906,1.331673,1.423000,1.484415,1.572364,1.269692,1.294238,1.276072,1.309305,1.384239,1.247564,1.488205,1.480383,1.337550,1.169154,1.352831,1.373844,1.514751,1.363513,1.344244,1.341517,1.441560,1.286049,1.297114,1.335855,1.514907,1.422271,1.227079,1.538274,1.584410,1.423562,1.338442,1.486601,1.591029,1.406995,1.387643,1.391669,1.474082,1.349202,1.456067,1.359183,1.388829,1.463479,1.245401,1.309025,1.367823,1.337385,1.415339,1.365734,1.399419,1.476168,1.423497,1.405991,1.290763,1.306464,1.495262,1.241773,1.485398,1.719668,1.519807,1.401743,1.314469,1.297648,1.375760,1.322367,1.253992,1.385842,1.499039,1.394648,1.355909,1.655983,1.628975,1.484311,1.434082,1.340507,1.469763,1.487168,1.250612,1.183008,1.517484,1.698464,1.311609,1.281213,1.529615,1.249321,1.254208,1.344174,1.306352,1.355359,1.235293,1.247772,1.379505,1.507031,1.740847,1.433100,1.290357,1.579518,1.755365,1.414456,1.383552,1.366408,1.346909,1.419233,1.200234,1.128942,1.486555,1.436762,1.308554,1.516561,1.514203,1.482600,1.470037,1.483251,1.397804,1.400511,1.443021,1.380713,1.620298,1.662885,1.421151,1.393852,1.367467,1.388632,1.365993,1.313684,1.287419,1.254595,1.293737,1.612104,1.388703,1.445600,1.276402,1.364272,1.537736
2,0.932410,0.955182,1.020409,0.749405,1.049368,1.168289,0.425458,0.813485,1.123590,0.774848,0.957028,0.859776,0.764255,0.878069,0.576958,0.723667,0.580659,1.708000,1.414458,1.316177,0.984750,1.140564,0.949186,0.857898,1.446286,1.145604,1.119623,1.210706,0.643633,0.400578,1.028119,0.844051,1.439778,0.498822,0.762438,0.737654,1.165625,0.663041,1.063817,1.719980,0.504887,0.549823,1.409965,1.591531,1.720621,0.698929,0.626409,1.010770,0.737610,0.694677,0.519046,0.686285,0.455421,0.824885,1.693544,1.066968,1.101296,0.980637,0.717964,1.017976,1.033972,0.870907,1.349216,1.032513,0.589563,0.715396,0.438837,0.348049,0.759618,1.162235,0.869432,0.905577,1.841878,0.771792,0.696273,0.406124,0.886111,0.744519,0.658431,2.007661,0.768627,0.806759,1.483322,1.055693,1.514285,0.695657,0.729756,0.815280,0.647859,0.978279,0.503216,0.555308,1.363447,1.035097,1.377995,1.537519,0.518930,0.755045,1.588272,0.737853,0.800732,1.084962,0.658139,0.601819,0.969845,0.700839,1.090410,1.221435,0.682301,0.835712,0.352822,1.059823,0.528411,0.708962,0.686330,0.738120,0.661279,0.754497,0.830010,1.183020,1.811169,0.821578,0.618852,0.516437,0.589713,0.731736,0.997821,0.845332,0.454016,0.577605,1.011428,0.626754,0.792298,0.820632,1.430820,0.806087,0.588727,0.669777,0.519217,1.311880,1.583382,1.381982,0.393892,0.604464,0.703997,0.705890,0.300605,0.941321,0.521890,0.673223,0.708523,0.644926,0.595877,1.377603,0.587680,1.011830,1.812435,0.748193,0.883198,0.875732,0.935678,1.342450,0.811779,0.819586,0.580014,0.922408,1.135032,0.996090,1.178274,0.921851,0.974958,1.447224,0.681534,1.030761,0.570309,1.144786,3.004546,0.957324,0.862477,0.846656,1.388623,1.114240,0.363891,0.387761,0.663297,0.579008,1.722411,1.208511,0.540383,0.946242,0.792637,1.402726,1.031525,1.405529,0.714131,0.594660,0.881346,1.240777,0.637662,0.776570,0.893459,1.598082,1.409915,0.605580,0.423426,0.810771,0.656812,0.918417,1.063639,0.892749,1.163793,0.590848,0.914200,0.999780,0.709315,0.899619,0.642347,1.112812,0.794834,0.488589,0.484207,0.840794,1.143507,1.595148,0.722629,0.714079,0.609401,1.043408,0.770888,0.618905,0.907131,1.478231,0.619264,0.471346,0.552965,0.753184,1.726546,0.980444,0.560195,1.208717,1.052192,0.984549,0.777928,0.707916,1.177929,1.204977,0.583317,1.600239,0.958578,0.419177,1.198053,1.087724,0.598490,0.646968,0.684170,0.913835,1.193935,0.933318,1.087414,0.458993,0.499706,1.053094,1.009739,0.758079,0.567210,0.916038,0.475088,0.459718,0.910854,0.525039,0.433822,0.922209,0.867216,0.897501,0.808605,1.096402,1.270770,0.858353,0.724336,1.288765,0.439660,1.133596,0.995406,0.618067,0.724958,0.498874,1.301764,1.018246,0.723046,0.695103,0.877255,0.999763,0.863151,0.851336,1.614023,0.548226,0.886300,0.738085,1.125792,0.499586,0.721585,0.894249,0.991945,0.791643,0.585117,0.569057,0.641413,0.812661,0.906542,1.196502,1.029438,0.825653,0.639168,0.942813,1.879173,0.574876,0.868323,0.680964,0.463463,0.757919,0.677915,0.642218,0.778031,0.782944,1.070600,1.022400,0.645001,0.607354,0.744998,0.905007,0.512714,0.387441,0.634885,0.524086,0.973740,1.114627,0.971533,0.589562,0.720753,1.713698,1.322874,1.610446,0.532698,0.562255,0.779342,0.513852,0.798794,1.033657,0.875014,0.999263,0.828703,0.546777,0.587084,0.773971,0.521351,0.651948,0.663845,0.850576,1.202372,0.594456,0.435404,0.896924,0.712597,0.381569,0.516642,0.519411,0.480800,0.700648,0.810039,0.522609,1.329615,0.463639,0.631434,1.337131,1.022643,1.148055,0.689513,0.523493,0.585478,0.535293,0.860701,0.984573,0.537589,0.673164,0.772780,0.732663,0.473966,0.450552,1.226332,0.927874,0.891505,0.642951,0.735389,0.766065,1.042125,0.881173,0.538013,0.541842,0.570833,1.153427,0.768854,1.124811,0.358208,0.311211,0.488047,0.516281,0.474692,1.209802,0.569546,1.661734,0.475275,0.512136,0.981556,1.164207,1.016461,0.742281,0.584236,0.520270,0.503453,1.539122,0.639080,0.559615,0.770893,0.628552,0.413889,1.171015,1.567781,1.175455,0.497282,0.935688,0.890406,0.821642,0.894152,0.835317,0.475095,1.156550,0.681802,0.545782,1.159988,0.449836,0.544179,0.876463,1.133309,1.207131,0.645759,0.422651,1.138527,0.761085,1.329042,1.116021,1.165884,0.817982,0.497998,0.712356,0.510386,1.460851,1.170134,0.761768,0.385242,0.595067,1.314125,0.685896,0.753104,2.334849,0.620218,0.424881,0.474447,0.527550,0.625378,1.216787,1.734593,0.504612,0.328729,0.941916,0.803152,0.844378,0.547239,1.319969,0.715547,0.476957,0.399585,0.721168,0.724779,1.059448,0.601679,0.657179,0.869802,1.454697,0.651662,0.842294,0.685721,0.843236,0.550943,0.532441,1.779820,2.015544,0.770432,0.679036,0.989073,0.871097,0.452361,0.507894,0.599548,0.992039,0.482154,0.796422,0.752910,0.632174,0.883227,0.432575,0.754012,0.943916,0.651314,0.880235,0.674411,0.654971,1.217069,0.658222,0.457759,0.402340,0.323802,1.356868,0.509935,1.044004,1.701164,0.832900,0.945126,0.574925,0.588140,0.840874,0.499320,0.657279,0.753265,0.974273,0.766669,0.612677,1.221498,1.444030,0.807507,1.295103,0.530030,0.492997,0.668440,0.366837,0.535731,0.841311,1.506058,0.580173,0.630624,1.471095,0.796298,0.457919,0.556224,0.399834,0.704913,0.549459,0.561432,0.657216,1.133928,1.636841,0.719860,0.715500,2.235058,2.222175,0.883110,1.004800,0.475009,0.720395,0.728235,0.490168,0.677905,1.459141,1.338480,0.810014,0.817962,1.291907,1.106008,0.792109,1.615830,0.673951,0.941579,0.618191,0.781733,1.802425,1.734875,0.615388,1.072779,0.646259,0.422467,0.485342,0.667722,0.667554,0.590180,0.504840,1.627229,0.803739,0.811061,0.748760,1.253596,1.456013
2, 1.420402
3,0.061958,0.068105,0.056009,0.054640,0.053951,0.045967,0.044252,0.047590,0.051347,0.057124,0.051982,0.055818,0.052914,0.066767,0.081620,0.093401,0.080407,0.061164,0.058876,0.058929,0.057799,0.058951,0.056276,0.055359,0.052202,0.052980,0.053355,0.054266,0.055620,0.055529,0.057759,0.057964,0.052739,0.053600,0.050028,0.084204,0.047348,0.063787,0.048047,0.048239,0.047194,0.047840,0.046288,0.044968,0.040480,0.045408,0.046131,0.048945,0.049757,0.049948,0.045729,0.045298,0.049655,0.049130,0.052692,0.051334,0.059226,0.056909,0.051294,0.050695,0.052265,0.050732,0.056323,0.069086,0.044780,0.060004,0.050335,0.054019,0.054157,0.051281,0.043820,0.045326,0.043074,0.035277,0.038076,0.035355,0.032854,0.033186,0.033363,0.035916,0.033344,0.034151,0.034413,0.040008,0.041207,0.039782,0.039313,0.038786,0.039990,0.040133,0.051555,0.062589,0.058457,0.042614,0.041484,0.041926,0.050333,0.048149,0.051947,0.042350,0.042801,0.040788,0.039285,0.041087,0.041948,0.039248,0.035820,0.035534,0.037512,0.039515,0.033239,0.029640,0.030903,0.030410,0.030550,0.031050,0.032545,0.031699,0.028110,0.027102,0.028067,0.027176,0.028176,0.027152,0.029312,0.029748,0.031650,0.032339,0.028736,0.026388,0.025337,0.023247,0.021951,0.023425,0.026719,0.030255,0.027548,0.029382,0.030233,0.026888,0.024028,0.021438,0.022206,0.023750,0.024258,0.022101,0.019797,0.022885,0.022584,0.025128,0.023435,0.022284,0.021325,0.021987,0.023275,0.022295,0.022122,0.020693,0.020995,0.021845,0.021705,0.020216,0.019989,0.019596,0.021269,0.022701,0.022362,0.021961,0.021250,0.020934,0.020894,0.021705,0.018231,0.019657,0.018742,0.022876,0.021486,0.021761,0.021232,0.020357,0.021254,0.020379,0.023650,0.021759,0.021090,0.021864,0.025876,0.024498,0.025042,0.022122,0.020662,0.021301,0.020302,0.020982,0.024651,0.022735,0.022539,0.019202,0.020903,0.022680,0.024755,0.026176,0.025251,0.023705,0.025980,0.024620,0.024297,0.021303,0.018888,0.020909,0.022680,0.023581,0.023911,0.025531,0.024938,0.023767,0.022882,0.022193,0.025697,0.028330,0.027014,0.025654,0.026360,0.027647,0.027740,0.025096,0.020976,0.021341,0.021801,0.021919,0.020921,0.020053,0.020445,0.022719,0.022004,0.019864,0.019451,0.020125,0.020364,0.020720,0.020632,0.020473,0.021859,0.020762,0.019165,0.017444,0.018353,0.017886,0.017821,0.019216,0.018935,0.020653,0.020415,0.019096,0.019116,0.019721,0.020845,0.020112,0.019024,0.019200,0.019168,0.017975,0.017724,0.017944,0.018218,0.017771,0.018627,0.017194,0.017424,0.017827,0.017504,0.016757,0.017008,0.017975,0.017416,0.015833,0.016536,0.018319,0.018477,0.019464,0.019916,0.020197,0.019069,0.018182,0.018455,0.017429,0.016287,0.017250,0.017982,0.017608,0.018560,0.017660,0.019228,0.020595,0.020512,0.018000,0.019005,0.018485,0.018137,0.017522,0.015529,0.015440,0.016114,0.016942,0.017332,0.018746,0.019031,0.018442,0.018056,0.018535,0.020582,0.023197,0.021320,0.021632,0.020125,0.018142,0.019631,0.020420,0.019635,0.017387,0.016061,0.017136,0.017390,0.017015,0.017336,0.016916,0.016924,0.017168,0.017062,0.018400,0.018766,0.018253,0.017147,0.016957,0.018088,0.018012,0.016893,0.016714,0.016801,0.016955,0.018382,0.017679,0.017302,0.017349,0.017537,0.018675,0.019559,0.019324,0.019106,0.018923,0.018211,0.017568,0.017313,0.019296,0.019006,0.018611,0.017610,0.016706,0.017424,0.018310,0.017764,0.018565,0.019575,0.019821,0.020045,0.020245,0.019741,0.019053,0.018886,0.020065,0.018254,0.017311,0.018465,0.020375,0.020577,0.019756,0.020431,0.020823,0.021432,0.021570,0.020438,0.019544,0.019473,0.019306,0.020182,0.021700,0.021781,0.021596,0.020959,0.019742,0.020755,0.021284,0.024026,0.025871,0.027140,0.025226,0.020847,0.020007,0.024262,0.022617,0.022032,0.018877,0.025077,0.029738,0.023519,0.021666,0.025284,0.027153,0.027719,0.028229,0.020857,0.025345,0.029544,0.023260,0.022952,0.024705,0.024209,0.024220,0.019698,0.020930,0.023783,0.021010,0.020933,0.022160,0.024160,0.022237,0.020581,0.020620,0.020999,0.019294,0.020558,0.020333,0.019841,0.019844,0.019845,0.020763,0.021073,0.020613,0.021010,0.019826,0.019591,0.020627,0.021135,0.019967,0.019176,0.018680,0.017746,0.018132,0.017520,0.017374,0.017791,0.018257,0.019525,0.019518,0.018297,0.018517,0.018496,0.019871,0.020289,0.019770,0.020005,0.020757,0.020200,0.019705,0.024357,0.020152,0.021376,0.020338,0.018315,0.019197,0.019731,0.020581,0.020907,0.019637,0.018197,0.017481,0.017636,0.017791,0.017955,0.018458,0.019162,0.018816,0.019600,0.019703,0.020112,0.020463,0.020935,0.023383,0.025124,0.024771,0.022462,0.022060,0.021572,0.021538,0.018647,0.019181,0.020026,0.022080,0.023083,0.023068,0.022052,0.020394,0.021273,0.021501,0.021708,0.021685,0.020835,0.020337,0.019988,0.020101,0.019597,0.020018,0.021486,0.022396,0.022426,0.025389,0.024720,0.019890,0.020768,0.020670,0.021349,0.022357,0.023329,0.022347,0.021601,0.021781,0.020359,0.020549,0.020283,0.020870,0.021210,0.021622,0.021913,0.022714,0.023233,0.023342,0.025289,0.024998,0.024066,0.023570,0.023144,0.021694,0.020659,0.021341,0.021005,0.023175,0.024838,0.024145,0.021317,0.021212,0.021002,0.020357,0.019597,0.021459,0.019019,0.020745,0.023944,0.025373,0.022367,0.021950,0.024171,0.022680,0.021546,0.019537,0.021065,0.021570,0.021658,0.022820,0.021631,0.020316,0.020655,0.020774,0.022137,0.021791,0.020607,0.019660,0.019956,0.020218,0.019675,0.018722,0.019563,0.019446,0.019091,0.019966,0.020475,0.020866,0.021643,0.020884,0.020519,0.022751,0.023001,0.023207,0.021138,0.020592,0.022291,0.021040,0.022094,0.021973,0.022370,0.023057
3,0.004739,0.006669,0.003703,0.003051,0.002154,0.001347,0.001448,0.001611,0.002187,0.002755,0.002016,0.002606,0.003037,0.008294,0.029734,0.043947,0.017929,0.006214,0.004272,0.003344,0.003660,0.004364,0.003737,0.003170,0.003217,0.003184,0.003456,0.003480,0.005981,0.007844,0.010291,0.012041,0.005424,0.003912,0.003129,0.058990,0.002589,0.019313,0.002693,0.002920,0.002414,0.002883,0.001781,0.001660,0.001324,0.002541,0.002380,0.003077,0.002953,0.002503,0.001945,0.001852,0.001505,0.001838,0.002672,0.002360,0.004276,0.004497,0.002984,0.002552,0.002726,0.002655,0.007101,0.038963,0.002068,0.016698,0.007358,0.005143,0.006468,0.005887,0.003089,0.002856,0.002335,0.001701,0.001940,0.000911,0.001305,0.001180,0.001252,0.001576,0.001081,0.000978,0.001122,0.001750,0.001754,0.001749,0.002299,0.002284,0.001915,0.002055,0.008221,0.018490,0.014369,0.003839,0.002777,0.002857,0.005536,0.003742,0.005233,0.003008,0.003401,0.004441,0.003432,0.003431,0.003305,0.002230,0.001492,0.001401,0.002344,0.002646,0.001522,0.000903,0.000774,0.000661,0.000864,0.001117,0.001200,0.001274,0.000966,0.000659,0.000653,0.001180,0.001446,0.001159,0.001052,0.001033,0.001369,0.001396,0.000703,0.000598,0.000551,0.000391,0.000332,0.000357,0.000765,0.001296,0.000691,0.001492,0.002475,0.001525,0.000372,0.000418,0.000430,0.000579,0.000637,0.000468,0.000212,0.000389,0.000436,0.000647,0.000379,0.000217,0.000180,0.000270,0.000350,0.000271,0.000363,0.000281,0.000228,0.000225,0.000242,0.000194,0.000149,0.000117,0.000292,0.000393,0.000477,0.000397,0.000339,0.000393,0.000379,0.000393,0.000155,0.000178,0.000151,0.000441,0.000297,0.000393,0.000289,0.000336,0.000494,0.000223,0.000585,0.000454,0.000339,0.000344,0.000621,0.000673,0.000663,0.000303,0.000251,0.000291,0.000177,0.000284,0.000965,0.000773,0.000479,0.000229,0.000208,0.000290,0.000738,0.000711,0.000645,0.000469,0.000793,0.000462,0.000402,0.000227,0.000188,0.000278,0.000283,0.000271,0.000415,0.000524,0.000436,0.000363,0.000320,0.000383,0.000822,0.001500,0.001044,0.001108,0.001025,0.001002,0.000900,0.000626,0.000267,0.000318,0.000377,0.000389,0.000347,0.000261,0.000227,0.000360,0.000349,0.000257,0.000173,0.000174,0.000137,0.000181,0.000149,0.000179,0.000471,0.000512,0.000268,0.000152,0.000188,0.000218,0.000204,0.000203,0.000200,0.000271,0.000214,0.000198,0.000258,0.000202,0.000262,0.000234,0.000177,0.000163,0.000177,0.000145,0.000124,0.000130,0.000145,0.000111,0.000157,0.000101,0.000096,0.000115,0.000118,0.000103,0.000088,0.000087,0.000093,0.000082,0.000068,0.000106,0.000116,0.000183,0.000174,0.000221,0.000249,0.000152,0.000154,0.000113,0.000076,0.000097,0.000126,0.000102,0.000135,0.000098,0.000324,0.000724,0.000453,0.000098,0.000132,0.000104,0.000087,0.000104,0.000059,0.000050,0.000082,0.000095,0.000127,0.000246,0.000236,0.000213,0.000144,0.000374,0.000473,0.000872,0.000313,0.000264,0.000226,0.000141,0.000216,0.000261,0.000165,0.000075,0.000052,0.000093,0.000089,0.000082,0.000086,0.000072,0.000077,0.000095,0.000084,0.000086,0.000113,0.000092,0.000085,0.000075,0.000105,0.000129,0.000067,0.000061,0.000072,0.000083,0.000088,0.000088,0.000088,0.000096,0.000086,0.000083,0.000166,0.000151,0.000148,0.000151,0.000113,0.000113,0.000083,0.000168,0.000188,0.000233,0.000104,0.000081,0.000136,0.000121,0.000080,0.000102,0.000152,0.000163,0.000192,0.000186,0.000140,0.000204,0.000215,0.000317,0.000136,0.000074,0.000085,0.000191,0.000243,0.000191,0.000131,0.000143,0.000218,0.000235,0.000160,0.000127,0.000118,0.000129,0.000241,0.000231,0.000213,0.000261,0.000359,0.000202,0.000221,0.000227,0.000675,0.000961,0.001867,0.001728,0.000328,0.000279,0.001141,0.000806,0.000955,0.000161,0.002514,0.005761,0.001143,0.000495,0.001580,0.002082,0.002626,0.003141,0.000234,0.001903,0.005185,0.001039,0.000705,0.001080,0.001036,0.001527,0.000200,0.000467,0.001355,0.000292,0.000198,0.000430,0.000610,0.000294,0.000211,0.000225,0.000172,0.000124,0.000159,0.000108,0.000140,0.000127,0.000149,0.000190,0.000210,0.000168,0.000175,0.000103,0.000107,0.000177,0.000181,0.000147,0.000121,0.000115,0.000091,0.000089,0.000091,0.000096,0.000087,0.000070,0.000093,0.000083,0.000075,0.000084,0.000080,0.000084,0.000124,0.000103,0.000112,0.000155,0.000155,0.000197,0.001632,0.000194,0.000463,0.000265,0.000070,0.000078,0.000124,0.000193,0.000202,0.000155,0.000119,0.000108,0.000100,0.000109,0.000107,0.000123,0.000150,0.000121,0.000125,0.000110,0.000095,0.000134,0.000157,0.000418,0.000808,0.000796,0.000489,0.000421,0.000337,0.000345,0.000091,0.000136,0.000249,0.000739,0.000923,0.000751,0.000442,0.000143,0.000277,0.000377,0.000333,0.000359,0.000289,0.000193,0.000174,0.000172,0.000128,0.000128,0.000137,0.000159,0.000378,0.001432,0.001207,0.000162,0.000167,0.000177,0.000174,0.000235,0.000314,0.000238,0.000170,0.000147,0.000133,0.000152,0.000120,0.000145,0.000204,0.000251,0.000155,0.000270,0.000291,0.000348,0.000380,0.000382,0.000386,0.000295,0.000342,0.000275,0.000200,0.000152,0.000171,0.000606,0.001447,0.001042,0.000390,0.000284,0.000301,0.000348,0.000225,0.000407,0.000191,0.000383,0.000677,0.000890,0.000341,0.000284,0.000859,0.000421,0.000209,0.000142,0.000297,0.000257,0.000279,0.000355,0.000309,0.000210,0.000212,0.000167,0.000227,0.000235,0.000192,0.000182,0.000164,0.000212,0.000152,0.000105,0.000116,0.000109,0.000118,0.000147,0.000219,0.000209,0.000235,0.000188,0.000224,0.000375,0.000660,0.000769,0.000315,0.000198,0.000333,0.000190,0.000218,0.000243,0.000312,0.000592
3, 0.026465
4,0.054776,0.055839,0.053351,0.054380,0.043007,0.045404,0.046135,0.047354,0.051628,0.043909,0.051056,0.056437,0.057434,0.054186,0.051869,0.055582,0.053297,0.049853,0.049822,0.044203,0.045770,0.052234,0.048387,0.057814,0.049392,0.043801,0.045436,0.047423,0.043535,0.037665,0.039553,0.044043,0.042946,0.045625,0.051609,0.053383,0.058373,0.060853,0.055833,0.053382,0.050524,0.057105,0.066362,0.056897,0.061588,0.062362,0.057094,0.069098,0.072046,0.062183,0.059974,0.060497,0.056620,0.068417,0.077404,0.063031,0.048952,0.059699,0.056046,0.053845,0.052261,0.049741,0.051236,0.047406,0.043200,0.041113,0.046775,0.045437,0.041919,0.043188,0.050900,0.050433,0.047476,0.047965,0.048081,0.042539,0.049220,0.056338,0.056449,0.044656,0.045413,0.047953,0.045866,0.045200,0.051162,0.042920,0.044256,0.048468,0.049737,0.050294,0.052403,0.050276,0.048477,0.044951,0.045107,0.043996,0.037915,0.034286,0.039415,0.047403,0.045863,0.045307,0.047480,0.048274,0.052420,0.049836,0.041401,0.037836,0.044266,0.048557,0.049132,0.045658,0.043826,0.036351,0.036478,0.036690,0.035874,0.033199,0.038944,0.036704,0.038217,0.037172,0.034582,0.032667,0.039171,0.046790,0.048360,0.039680,0.040142,0.041868,0.045471,0.046878,0.046246,0.045248,0.046574,0.044100,0.044894,0.040116,0.040895,0.043698,0.045351,0.043342,0.042548,0.042282,0.035732,0.037756,0.044754,0.050280,0.047573,0.043927,0.045413,0.042741,0.046283,0.052571,0.051267,0.049977,0.049168,0.049272,0.056543,0.057692,0.060305,0.059512,0.044052,0.043973,0.043067,0.045511,0.052754,0.066851,0.062492,0.044324,0.047157,0.056319,0.056536,0.045613,0.031474,0.038605,0.046968,0.049482,0.046342,0.046940,0.046972,0.045671,0.045788,0.043578,0.041665,0.042620,0.041758,0.043742,0.045167,0.050261,0.051951,0.048845,0.044329,0.043492,0.040877,0.048465,0.047932,0.046443,0.055275,0.056944,0.052722,0.043812,0.040400,0.042677,0.037186,0.047149,0.051495,0.050572,0.057810,0.058107,0.055806,0.052268,0.046395,0.044410,0.038087,0.038573,0.042085,0.044825,0.046562,0.043638,0.036515,0.040145,0.043222,0.039220,0.038127,0.041574,0.049267,0.057798,0.055528,0.047398,0.042499,0.041067,0.040141,0.037752,0.037565,0.036399,0.033445,0.038067,0.039307,0.037875,0.034699,0.035448,0.035392,0.040330,0.041854,0.035815,0.035157,0.036086,0.039036,0.039469,0.048346,0.047730,0.047216,0.047806,0.049845,0.050638,0.059452,0.055395,0.047093,0.042131,0.039489,0.038595,0.036397,0.044506,0.039006,0.041601,0.039633,0.039692,0.033349,0.033234,0.034698,0.035120,0.036744,0.037183,0.040045,0.039472,0.039827,0.038956,0.036467,0.041104,0.040038,0.039554,0.040114,0.046046,0.051697,0.051943,0.053025,0.055436,0.045267,0.038504,0.039100,0.035360,0.033184,0.035235,0.034073,0.035573,0.035143,0.034132,0.035095,0.037707,0.042338,0.041976,0.038698,0.037337,0.035556,0.043397,0.046912,0.045198,0.042071,0.044025,0.048770,0.049396,0.049919,0.049792,0.046258,0.047613,0.049456,0.063698,0.061898,0.046245,0.045643,0.049381,0.047843,0.039054,0.042712,0.039527,0.038708,0.040598,0.044159,0.045825,0.038937,0.033713,0.035013,0.032283,0.036722,0.039340,0.045557,0.050583,0.044324,0.039984,0.047036,0.051974,0.049343,0.048202,0.052615,0.043237,0.037585,0.042204,0.040506,0.040204,0.042523,0.041233,0.034998,0.044077,0.064357,0.052636,0.047301,0.047371,0.045233,0.036870,0.039718,0.037916,0.036307,0.031590,0.031479,0.032462,0.031150,0.030466,0.029311,0.031687,0.032559,0.032428,0.033968,0.033197,0.033403,0.034354,0.034822,0.032934,0.036191,0.036905,0.038576,0.034453,0.033916,0.035771,0.035937,0.033385,0.033575,0.039391,0.039566,0.037792,0.035518,0.035381,0.040157,0.040908,0.038968,0.038096,0.034723,0.035262,0.032800,0.030230,0.029374,0.031235,0.032761,0.038389,0.040626,0.042600,0.046344,0.046818,0.042735,0.038721,0.039365,0.035914,0.032991,0.033149,0.035306,0.038924,0.039386,0.039666,0.040613,0.040587,0.038795,0.038639,0.041060,0.044222,0.041346,0.040832,0.040977,0.044242,0.040855,0.039350,0.036243,0.037774,0.048458,0.057965,0.057401,0.044975,0.041080,0.043039,0.044819,0.047811,0.047046,0.037620,0.036644,0.043784,0.045068,0.039554,0.041926,0.043169,0.043655,0.044820,0.039702,0.040405,0.039280,0.035887,0.032771,0.036695,0.040399,0.042401,0.041922,0.043625,0.045290,0.049438,0.056016,0.055268,0.053979,0.059778,0.057113,0.047625,0.044295,0.045405,0.045389,0.043469,0.046631,0.047945,0.042568,0.041050,0.041220,0.041715,0.042160,0.050122,0.049785,0.045780,0.042121,0.042372,0.043878,0.042472,0.054553,0.047015,0.041888,0.042643,0.049662,0.046210,0.047364,0.053132,0.047214,0.040635,0.034335,0.036686,0.040230,0.043041,0.042340,0.039205,0.040102,0.042191,0.042826,0.041552,0.035319,0.038807,0.044200,0.046759,0.040836,0.039439,0.043130,0.046890,0.047314,0.045237,0.051008,0.057660,0.060157,0.056721,0.053205,0.050448,0.050793,0.047048,0.040771,0.038122,0.046139,0.046853,0.044270,0.039754,0.038428,0.036833,0.041443,0.049360,0.049224,0.045622,0.039657,0.035821,0.034379,0.036827,0.041017,0.047259,0.047167,0.048938,0.049956,0.049262,0.048774,0.044086,0.041337,0.041895,0.044391,0.045249,0.039112,0.052225,0.072488,0.054809,0.044791,0.040707,0.050834,0.049262,0.050152,0.048035,0.044515,0.039724,0.038274,0.040350,0.040699,0.036758,0.036542,0.037329,0.039303,0.042580,0.040993,0.036906,0.042442,0.040899,0.037879,0.039063,0.040080,0.038961,0.032846,0.031442,0.036132,0.035691,0.034545,0.038151,0.040966,0.045740,0.046807,0.044906,0.052301,0.056733,0.054822,0.047396,0.038639,0.041622,0.045198,0.043940,0.040595,0.038396
4,0.005511,0.006066,0.003560,0.005105,0.001179,0.001425,0.001672,0.001944,0.008300,0.001752,0.004253,0.005872,0.006576,0.006712,0.007709,0.013429,0.014810,0.010184,0.007691,0.006610,0.008841,0.018500,0.012151,0.025868,0.013914,0.005716,0.005363,0.008465,0.003067,0.001997,0.002719,0.003051,0.003457,0.005112,0.008301,0.008919,0.011929,0.013091,0.007995,0.005367,0.005098,0.010537,0.021267,0.015135,0.013750,0.011156,0.005591,0.025242,0.041493,0.022115,0.016871,0.015412,0.011837,0.016598,0.023317,0.014546,0.004899,0.008702,0.006104,0.006019,0.006022,0.005303,0.004273,0.002473,0.002280,0.002121,0.004992,0.003474,0.002680,0.002535,0.004574,0.006110,0.006510,0.007429,0.007626,0.003809,0.006345,0.010153,0.008329,0.004304,0.006543,0.007812,0.004126,0.003741,0.005869,0.003432,0.004142,0.005407,0.006473,0.007318,0.008263,0.005873,0.004010,0.003282,0.003118,0.002323,0.001401,0.001311,0.004410,0.015282,0.013037,0.010244,0.009962,0.006807,0.010688,0.010434,0.005714,0.002619,0.005832,0.013939,0.014796,0.007986,0.004124,0.000872,0.001281,0.002143,0.001930,0.000629,0.002061,0.002885,0.003252,0.002139,0.001242,0.001098,0.001647,0.004316,0.004402,0.002389,0.003004,0.005135,0.011043,0.014010,0.012273,0.011446,0.010985,0.007357,0.008705,0.002722,0.003247,0.006996,0.007081,0.003725,0.003344,0.003003,0.001170,0.001589,0.003565,0.007282,0.005856,0.005010,0.004158,0.004178,0.005667,0.008815,0.008708,0.008248,0.007557,0.009499,0.016608,0.021780,0.031561,0.030793,0.005642,0.004540,0.006309,0.007356,0.013190,0.044045,0.041064,0.009715,0.011306,0.021067,0.020309,0.008719,0.001101,0.004713,0.006078,0.007524,0.005474,0.004966,0.005541,0.003239,0.003821,0.003065,0.002393,0.002614,0.003138,0.003758,0.004068,0.010296,0.011349,0.011484,0.011716,0.010618,0.007035,0.012729,0.010844,0.010079,0.018937,0.021664,0.014067,0.006541,0.004809,0.004167,0.001550,0.006927,0.012207,0.011431,0.014086,0.014759,0.019150,0.018526,0.013038,0.009195,0.004441,0.006851,0.012028,0.016301,0.013228,0.007685,0.001747,0.003923,0.006456,0.003143,0.004155,0.008047,0.015134,0.028574,0.017774,0.011307,0.007415,0.005065,0.004462,0.002514,0.002233,0.001835,0.001654,0.003751,0.004633,0.003494,0.001980,0.002154,0.001776,0.005614,0.005906,0.001904,0.002091,0.002964,0.003437,0.002344,0.007598,0.009409,0.009941,0.011797,0.016455,0.014884,0.022063,0.016919,0.012446,0.007220,0.006043,0.004824,0.002878,0.007505,0.003443,0.005470,0.005312,0.005792,0.000848,0.000939,0.001604,0.001683,0.002464,0.001793,0.002792,0.002093,0.002109,0.002259,0.001821,0.004600,0.005505,0.006637,0.008573,0.014500,0.019018,0.016725,0.017761,0.016793,0.007303,0.003687,0.003590,0.002979,0.002548,0.002135,0.001614,0.001146,0.000814,0.000574,0.001312,0.002094,0.003542,0.004027,0.002693,0.002541,0.002045,0.004961,0.005287,0.003583,0.002529,0.004039,0.005172,0.006029,0.006131,0.005649,0.005714,0.007862,0.007937,0.015112,0.018526,0.006449,0.005849,0.006903,0.005392,0.002358,0.002763,0.001919,0.001981,0.005456,0.007025,0.006930,0.001961,0.000883,0.000987,0.000680,0.002317,0.004256,0.005013,0.005814,0.004874,0.005398,0.009933,0.012438,0.012516,0.009596,0.011468,0.004451,0.002481,0.003665,0.003514,0.003353,0.004941,0.004709,0.001983,0.008126,0.049073,0.025350,0.014183,0.009991,0.006257,0.001866,0.004760,0.005930,0.003365,0.001259,0.001055,0.000928,0.000680,0.000644,0.000562,0.001167,0.001365,0.001357,0.001692,0.001749,0.002339,0.002215,0.002348,0.001833,0.002168,0.002131,0.002325,0.001434,0.000889,0.000967,0.000652,0.000729,0.001828,0.007824,0.007547,0.005888,0.003859,0.004019,0.007971,0.008637,0.005707,0.003815,0.001484,0.001558,0.000601,0.000488,0.000787,0.000620,0.000726,0.002902,0.004207,0.004480,0.005391,0.005079,0.003179,0.001801,0.001926,0.001179,0.000934,0.001197,0.001695,0.003084,0.003287,0.003809,0.004408,0.003900,0.002528,0.002215,0.002610,0.005498,0.007245,0.008568,0.009508,0.013801,0.011753,0.006792,0.006419,0.008078,0.022490,0.041893,0.037527,0.013098,0.006551,0.007178,0.007925,0.007482,0.007889,0.001839,0.001549,0.003756,0.003812,0.001472,0.001952,0.002285,0.002452,0.003238,0.002954,0.003104,0.002837,0.002026,0.002408,0.002600,0.001990,0.004171,0.004125,0.002796,0.003136,0.006247,0.016353,0.016882,0.019727,0.023135,0.022215,0.009361,0.003898,0.005782,0.007561,0.006357,0.006175,0.005136,0.003482,0.003277,0.002987,0.003649,0.002908,0.005143,0.003758,0.003146,0.002464,0.003637,0.005368,0.006249,0.020067,0.009535,0.003977,0.005109,0.012539,0.013341,0.016447,0.025190,0.016206,0.005541,0.001827,0.001549,0.002523,0.003143,0.002980,0.002577,0.003770,0.005142,0.006665,0.004354,0.001071,0.002389,0.004175,0.004675,0.002337,0.001959,0.002064,0.003743,0.003754,0.002790,0.007225,0.012972,0.014057,0.014455,0.014193,0.015122,0.013629,0.006489,0.002263,0.001265,0.002555,0.002561,0.002076,0.001489,0.001678,0.001656,0.002667,0.004782,0.004058,0.002966,0.002159,0.001789,0.001275,0.001374,0.002809,0.005007,0.005704,0.006434,0.005306,0.005325,0.003719,0.001874,0.001553,0.002367,0.003600,0.004806,0.001919,0.011046,0.042347,0.007469,0.003262,0.002175,0.010093,0.010938,0.008416,0.006435,0.004385,0.003043,0.001995,0.001689,0.001888,0.001562,0.001358,0.001922,0.002360,0.002943,0.002018,0.001293,0.003944,0.003400,0.002048,0.003072,0.004492,0.003661,0.001845,0.000540,0.001678,0.001217,0.001476,0.003424,0.005404,0.013227,0.015355,0.015142,0.022665,0.030813,0.026583,0.014257,0.004045,0.004685,0.005547,0.005688,0.003005,0.001464
4, 0.044337
5,0.538772,0.504748,0.491424,0.474143,0.480520,0.533085,0.505982,0.439271,0.460793,0.515915,0.461667,0.491515,0.498984,0.504228,0.522181,0.537610,0.605767,0.561104,0.524006,0.515539,0.521689,0.481769,0.463087,0.510498,0.550839,0.528025,0.503051,0.512811,0.486532,0.497483,0.475734,0.475976,0.442825,0.414877,0.399488,0.435773,0.493771,0.503403,0.503499,0.507448,0.559664,0.498759,0.467607,0.483090,0.492350,0.477111,0.492462,0.523355,0.533386,0.495261,0.504969,0.495751,0.545108,0.524738,0.523964,0.524363,0.506070,0.511141,0.587607,0.520566,0.538753,0.507925,0.503712,0.526949,0.512822,0.508440,0.535826,0.503321,0.543453,0.534057,0.441033,0.436954,0.422957,0.459723,0.515749,0.552549,0.507183,0.463768,0.450154,0.476442,0.491956,0.486501,0.566902,0.486533,0.460930,0.508230,0.545365,0.558694,0.535880,0.515226,0.477747,0.481648,0.498787,0.538581,0.506127,0.486092,0.526016,0.597944,0.504448,0.493478,0.486375,0.478984,0.494678,0.486781,0.521131,0.520311,0.506260,0.500013,0.534738,0.528136,0.492455,0.482841,0.509049,0.590299,0.537881,0.444917,0.499845,0.566818,0.535557,0.515275,0.535100,0.591867,0.586069,0.547733,0.471026,0.447739,0.455406,0.504463,0.530501,0.486526,0.559062,0.615523,0.519599,0.518111,0.506444,0.495176,0.477020,0.498055,0.472702,0.459850,0.456105,0.473520,0.505201,0.488988,0.492264,0.500248,0.486705,0.492643,0.546507,0.551881,0.546517,0.496607,0.515657,0.516115,0.469308,0.502142,0.551548,0.513673,0.497927,0.530813,0.496039,0.498832,0.480853,0.477831,0.447587,0.482466,0.512126,0.497381,0.474287,0.480470,0.459458,0.525696,0.537124,0.475166,0.467746,0.465679,0.482657,0.513544,0.526687,0.522004,0.526596,0.512979,0.479502,0.517184,0.524581,0.567664,0.555142,0.596776,0.604169,0.590727,0.519323,0.514708,0.511246,0.527247,0.527753,0.511510,0.509997,0.524696,0.535848,0.537913,0.551661,0.546499,0.570522,0.552846,0.560871,0.598215,0.577674,0.542858,0.538673,0.613390,0.591303,0.561224,0.585988,0.526936,0.542921,0.594665,0.610545,0.591606,0.570848,0.517638,0.481291,0.459357,0.468235,0.522886,0.503029,0.531792,0.545147,0.476344,0.470416,0.480724,0.468283,0.479719,0.559589,0.584435,0.562814,0.497181,0.489921,0.508710,0.516783,0.530702,0.506138,0.480140,0.475824,0.462438,0.454035,0.532563,0.553502,0.560316,0.551938,0.553730,0.514165,0.520513,0.495538,0.503839,0.499076,0.491135,0.496677,0.519222,0.513749,0.547779,0.583763,0.642520,0.655905,0.554013,0.521895,0.572526,0.542241,0.541254,0.564926,0.483758,0.495730,0.530027,0.516534,0.526886,0.509381,0.504828,0.441230,0.439290,0.428390,0.446599,0.539652,0.529389,0.493053,0.528743,0.535440,0.560359,0.572534,0.518304,0.517067,0.546094,0.511260,0.508795,0.577436,0.535576,0.499076,0.486499,0.436133,0.421654,0.443136,0.458814,0.439823,0.501614,0.513269,0.496374,0.511979,0.485900,0.518169,0.545696,0.523987,0.514715,0.558676,0.539509,0.562494,0.564408,0.528466,0.562700,0.554043,0.539692,0.516701,0.558281,0.558124,0.523567,0.525894,0.538570,0.481357,0.499615,0.471894,0.486981,0.488985,0.446011,0.500555,0.468387,0.446036,0.480019,0.533698,0.563346,0.507902,0.550512,0.533505,0.475221,0.539097,0.513416,0.469836,0.526438,0.540566,0.512255,0.516315,0.517413,0.522080,0.524849,0.475609,0.473555,0.442563,0.433338,0.497362,0.481937,0.485617,0.483821,0.500958,0.533907,0.521981,0.521055,0.492807,0.501362,0.566689,0.570140,0.574022,0.587524,0.580184,0.517682,0.541997,0.543941,0.571594,0.527611,0.508914,0.508489,0.553255,0.534781,0.531122,0.560944,0.533215,0.584221,0.574674,0.555337,0.481117,0.475164,0.454953,0.506370,0.569014,0.566597,0.560003,0.528540,0.443032,0.409704,0.417594,0.424296,0.438446,0.451247,0.440128,0.497302,0.506822,0.452820,0.519758,0.469343,0.457325,0.409558,0.409916,0.445794,0.493781,0.516777,0.460753,0.487974,0.505647,0.547174,0.468047,0.488265,0.495554,0.516564,0.541181,0.567410,0.497975,0.488667,0.475903,0.455574,0.426393,0.489773,0.532519,0.491525,0.476419,0.500370,0.498353,0.521368,0.577449,0.490687,0.453455,0.452868,0.452200,0.438666,0.472769,0.534457,0.483381,0.515295,0.559216,0.581464,0.562024,0.506191,0.513874,0.473125,0.517812,0.516250,0.531648,0.534418,0.495047,0.493301,0.507487,0.513727,0.499950,0.493902,0.499648,0.512331,0.541865,0.486626,0.438428,0.449811,0.471644,0.469009,0.498260,0.444490,0.441661,0.438481,0.444664,0.444950,0.476919,0.445759,0.450186,0.451245,0.463033,0.469558,0.463116,0.449860,0.416843,0.430744,0.490124,0.478927,0.497753,0.521846,0.499915,0.534647,0.582443,0.496178,0.481765,0.465936,0.499876,0.506319,0.434991,0.465006,0.465645,0.451005,0.445426,0.505012,0.522665,0.506283,0.481865,0.515346,0.501416,0.550879,0.588346,0.546120,0.522254,0.574309,0.565064,0.571485,0.551955,0.529109,0.474981,0.523727,0.571112,0.530505,0.535018,0.523206,0.463903,0.452611,0.448672,0.444308,0.523835,0.512254,0.456465,0.470598,0.425169,0.388297,0.445763,0.388474,0.432281,0.444937,0.427446,0.476495,0.481986,0.448575,0.484744,0.531994,0.540099,0.500121,0.468335,0.444754,0.467059,0.479884,0.505946,0.526109,0.502306,0.451146,0.487057,0.491872,0.455122,0.467556,0.498135,0.453686,0.471334,0.440552,0.531828,0.506799,0.491636,0.497694,0.518574,0.505202,0.517821,0.565092,0.547043,0.602985,0.497562,0.471502,0.468875,0.530069,0.478187,0.490163,0.525860,0.505501,0.423155,0.439632,0.464940,0.464216,0.462359,0.464840,0.482790,0.457031,0.472610,0.468043,0.474686,0.511815,0.502999,0.503392,0.547582,0.601589,0.592866,0.476100,0.467379,0.469228,0.436539,0.428011,0.435442,0.473487
5,0.174820,0.112869,0.132116,0.117954,0.138744,0.188780,0.147818,0.099375,0.113527,0.198846,0.195295,0.243626,0.278607,0.142040,0.189414,0.183341,0.294314,0.166744,0.094952,0.110534,0.144390,0.121823,0.110180,0.173437,0.246845,0.159183,0.111558,0.101205,0.102722,0.107603,0.094086,0.072659,0.083328,0.077916,0.067542,0.091103,0.116360,0.092843,0.097581,0.084097,0.184095,0.125407,0.095678,0.121758,0.155289,0.085619,0.092564,0.137963,0.210038,0.155033,0.139418,0.119946,0.164868,0.150802,0.150961,0.081831,0.081518,0.112861,0.413718,0.076964,0.145744,0.133384,0.109020,0.128021,0.120707,0.093453,0.209239,0.145569,0.147503,0.150625,0.109457,0.115202,0.077668,0.111059,0.151765,0.312253,0.166749,0.120113,0.092571,0.095940,0.112740,0.130640,0.312390,0.149995,0.116745,0.122722,0.185083,0.183279,0.163261,0.085649,0.059935,0.065715,0.104600,0.172136,0.268722,0.103479,0.165606,0.327257,0.131506,0.096004,0.131759,0.089300,0.113541,0.127860,0.162628,0.148668,0.156289,0.130711,0.166255,0.170958,0.070495,0.071779,0.108884,0.297231,0.145585,0.073167,0.105915,0.191648,0.188805,0.192930,0.164012,0.231110,0.275194,0.203439,0.100095,0.072562,0.080455,0.255030,0.235582,0.082125,0.236640,0.347390,0.133787,0.101008,0.084071,0.077860,0.071334,0.099270,0.136942,0.147068,0.097808,0.140610,0.144641,0.101969,0.079407,0.080178,0.085956,0.110050,0.217815,0.156362,0.142362,0.130734,0.140502,0.214166,0.076141,0.095106,0.145970,0.131402,0.135026,0.176471,0.165799,0.143510,0.086154,0.076124,0.080698,0.093628,0.124731,0.145317,0.105546,0.139881,0.106343,0.188369,0.180725,0.087223,0.094722,0.065858,0.082132,0.129840,0.102727,0.076788,0.084758,0.068870,0.072568,0.092778,0.082772,0.108373,0.124266,0.163821,0.239548,0.216623,0.134145,0.148050,0.096753,0.180862,0.195043,0.148887,0.124141,0.135638,0.128868,0.131698,0.126253,0.106376,0.195520,0.203860,0.198910,0.259862,0.202903,0.152657,0.150519,0.260339,0.184572,0.155693,0.201795,0.120562,0.126291,0.168109,0.231607,0.169026,0.128584,0.081443,0.082112,0.069121,0.116288,0.161173,0.194430,0.184335,0.200434,0.100718,0.091505,0.130123,0.086216,0.078978,0.169871,0.238681,0.191249,0.123965,0.093292,0.122654,0.142870,0.202244,0.129447,0.115797,0.096426,0.070223,0.065056,0.228568,0.145240,0.158454,0.111522,0.090624,0.085964,0.110322,0.087156,0.163533,0.104100,0.096412,0.085026,0.102091,0.115542,0.120632,0.187028,0.222804,0.320058,0.134798,0.103029,0.132360,0.152065,0.112110,0.157498,0.112448,0.133669,0.197158,0.120026,0.150958,0.118759,0.127463,0.082589,0.088228,0.057715,0.059701,0.341050,0.199648,0.143200,0.227116,0.160725,0.135956,0.132310,0.130095,0.142672,0.191880,0.128984,0.090528,0.150450,0.087088,0.073846,0.071432,0.051867,0.055393,0.075542,0.076114,0.081581,0.147727,0.136117,0.079348,0.152532,0.109817,0.120033,0.142586,0.161832,0.125343,0.138211,0.090614,0.117943,0.214578,0.082503,0.128501,0.151567,0.154322,0.082070,0.152729,0.174161,0.182414,0.169630,0.128057,0.064884,0.216889,0.077859,0.082276,0.094065,0.064866,0.084743,0.059081,0.077757,0.136733,0.202790,0.235762,0.110976,0.187552,0.148143,0.082105,0.144870,0.132496,0.076365,0.201618,0.168139,0.136195,0.131094,0.102789,0.152676,0.188310,0.126190,0.096733,0.074290,0.079113,0.132997,0.096102,0.097292,0.069333,0.099250,0.135639,0.099044,0.133198,0.102933,0.101616,0.291696,0.143804,0.108121,0.150813,0.131833,0.057408,0.106987,0.121680,0.238840,0.111256,0.101353,0.143100,0.204503,0.142894,0.122738,0.176664,0.132062,0.202609,0.253195,0.180528,0.084223,0.079640,0.058799,0.071248,0.235099,0.275568,0.224495,0.207355,0.133237,0.079277,0.075802,0.072460,0.070906,0.059748,0.052259,0.166152,0.188117,0.074767,0.149366,0.086742,0.096135,0.066820,0.071128,0.086253,0.153110,0.200532,0.123384,0.106514,0.132469,0.197797,0.067856,0.147517,0.130933,0.184365,0.205428,0.288996,0.138399,0.105538,0.081607,0.073653,0.074668,0.117196,0.133417,0.132236,0.109692,0.130062,0.088939,0.102698,0.152996,0.079380,0.085676,0.094628,0.084388,0.093771,0.096080,0.361047,0.148883,0.141940,0.154063,0.163125,0.185957,0.114976,0.136399,0.095839,0.101690,0.120269,0.125156,0.131177,0.111416,0.118669,0.114058,0.128717,0.097137,0.094428,0.081628,0.078546,0.183691,0.135792,0.063727,0.071262,0.108943,0.129841,0.163532,0.112697,0.105099,0.080323,0.096623,0.078094,0.077421,0.073437,0.104234,0.146553,0.137640,0.127696,0.115363,0.083642,0.038039,0.053549,0.136573,0.113717,0.176695,0.166769,0.103942,0.143305,0.501548,0.208686,0.094116,0.061608,0.100569,0.186629,0.088075,0.105880,0.085088,0.068858,0.072216,0.180774,0.163339,0.133099,0.118500,0.114061,0.083958,0.236778,0.297313,0.132476,0.087002,0.147273,0.156854,0.165773,0.136957,0.102704,0.067322,0.140842,0.164213,0.111143,0.120712,0.151229,0.094790,0.176689,0.111761,0.076173,0.207789,0.195564,0.107329,0.121944,0.075398,0.054585,0.121251,0.047959,0.065672,0.090189,0.082934,0.154706,0.146890,0.095911,0.091362,0.119915,0.140640,0.104800,0.100681,0.082595,0.124680,0.094010,0.130231,0.138109,0.108122,0.075377,0.097623,0.099853,0.091227,0.133924,0.228676,0.126783,0.125755,0.070683,0.206734,0.107040,0.078027,0.091836,0.138158,0.112388,0.123626,0.210078,0.146986,0.234127,0.152026,0.104164,0.091685,0.147384,0.113318,0.124554,0.184655,0.176011,0.039520,0.094309,0.135357,0.169110,0.102839,0.125743,0.237385,0.116824,0.113320,0.088236,0.103907,0.103991,0.097439,0.112337,0.155749,0.172140,0.367388,0.115513,0.117351,0.089569,0.098318,0.094270,0.089609,0.123218
5, 0.505424
6,0.579081,0.594798,0.597677,0.609749,0.577180,0.539178,0.526526,0.614097,0.593658,0.653585,0.594579,0.584066,0.591362,0.572735,0.497767,0.515352,0.562686,0.532025,0.521870,0.582933,0.525481,0.509549,0.587791,0.563836,0.621939,0.615305,0.653599,0.566114,0.547575,0.548343,0.530136,0.626090,0.560300,0.518759,0.535249,0.530723,0.552943,0.564944,0.508486,0.463391,0.477191,0.484173,0.494523,0.522620,0.554225,0.546568,0.487712,0.551274,0.610694,0.603036,0.547794,0.601329,0.632248,0.558441,0.585914,0.598505,0.620817,0.635874,0.649962,0.555432,0.567070,0.568294,0.584850,0.572332,0.517997,0.555163,0.601025,0.583797,0.638947,0.638621,0.522397,0.539938,0.543206,0.660191,0.591981,0.519968,0.562811,0.649744,0.619346,0.621710,0.548650,0.585604,0.610599,0.642429,0.640843,0.606118,0.619844,0.623605,0.578784,0.502017,0.517492,0.539006,0.525578,0.534424,0.537528,0.581754,0.564383,0.527597,0.507505,0.480909,0.519467,0.561714,0.597356,0.588453,0.537576,0.522445,0.533247,0.543176,0.553581,0.583107,0.664727,0.602572,0.542769,0.560729,0.572622,0.522562,0.580890,0.528348,0.550913,0.611093,0.606841,0.600811,0.578838,0.582394,0.588595,0.555519,0.585838,0.507291,0.509729,0.566308,0.631718,0.580237,0.516128,0.572845,0.561265,0.558809,0.671051,0.770519,0.695608,0.621812,0.589857,0.572080,0.558923,0.538196,0.538419,0.545892,0.552880,0.522016,0.592166,0.621918,0.558582,0.537938,0.553917,0.532756,0.507449,0.603695,0.609806,0.561706,0.568084,0.616305,0.580331,0.561626,0.594868,0.654907,0.632353,0.539661,0.569746,0.547175,0.529946,0.546347,0.546754,0.590003,0.651076,0.639924,0.592279,0.635776,0.622946,0.661138,0.609408,0.619674,0.636376,0.622563,0.662353,0.652458,0.652256,0.655401,0.558086,0.605512,0.703092,0.687607,0.689049,0.614895,0.587870,0.662833,0.551561,0.536314,0.569195,0.538323,0.536469,0.593758,0.583662,0.574928,0.552883,0.570308,0.582191,0.518615,0.543432,0.595426,0.635034,0.631707,0.629863,0.580592,0.615855,0.600361,0.595050,0.576391,0.588675,0.648522,0.549826,0.544352,0.594672,0.603738,0.580640,0.597769,0.620904,0.604741,0.679386,0.596580,0.569191,0.639893,0.688564,0.704955,0.725849,0.698191,0.649895,0.634177,0.697870,0.647036,0.563123,0.551461,0.529756,0.638096,0.721608,0.654755,0.649492,0.618014,0.617709,0.716879,0.661886,0.615168,0.579374,0.603148,0.645116,0.627114,0.516511,0.610880,0.602448,0.645516,0.612499,0.551913,0.578277,0.640479,0.616614,0.626686,0.618007,0.507511,0.538230,0.579475,0.600023,0.569708,0.603700,0.602427,0.575963,0.622222,0.638503,0.583928,0.692823,0.693568,0.645428,0.644185,0.604201,0.657036,0.724349,0.659310,0.606794,0.627093,0.613482,0.643337,0.656907,0.699138,0.660273,0.569533,0.559820,0.612675,0.696011,0.683362,0.646217,0.622744,0.648252,0.674101,0.667310,0.678114,0.681739,0.613549,0.680832,0.738606,0.670393,0.575303,0.564279,0.559526,0.627363,0.656293,0.627905,0.578432,0.544690,0.572477,0.588984,0.595511,0.608337,0.567384,0.547196,0.549914,0.594020,0.633029,0.631862,0.565883,0.611169,0.707967,0.658359,0.680863,0.634839,0.639595,0.709159,0.733732,0.710616,0.682921,0.598711,0.635141,0.671118,0.660197,0.616535,0.683058,0.642372,0.633150,0.664236,0.632847,0.686729,0.697003,0.648580,0.611191,0.662831,0.661443,0.672067,0.668687,0.652949,0.656925,0.650498,0.719281,0.636342,0.714003,0.816193,0.707612,0.628286,0.625189,0.727515,0.704626,0.636558,0.610205,0.599717,0.605561,0.653270,0.602368,0.598255,0.554305,0.542406,0.592261,0.558727,0.675053,0.753109,0.615496,0.587855,0.632873,0.663445,0.776901,0.709878,0.761753,0.788610,0.736684,0.724558,0.781253,0.696368,0.622353,0.707724,0.677545,0.654795,0.605630,0.658905,0.667427,0.645171,0.668018,0.698613,0.608152,0.663976,0.680025,0.663685,0.726143,0.803287,0.687687,0.596705,0.740610,0.714027,0.666881,0.691122,0.648978,0.690893,0.706318,0.695134,0.653162,0.688715,0.636665,0.570342,0.654709,0.656701,0.650254,0.595455,0.557554,0.577038,0.672655,0.618317,0.590899,0.700735,0.691304,0.651447,0.641527,0.612846,0.724909,0.743135,0.699558,0.641245,0.630720,0.670806,0.714163,0.705470,0.705761,0.624373,0.639294,0.662557,0.661526,0.626543,0.595101,0.683684,0.654274,0.667986,0.724753,0.705779,0.707683,0.711448,0.774210,0.698745,0.654654,0.726910,0.721762,0.725852,0.726556,0.691411,0.686204,0.634786,0.697856,0.659616,0.688136,0.708949,0.624896,0.599752,0.670411,0.620255,0.677053,0.664271,0.724726,0.633408,0.646157,0.650933,0.729780,0.729323,0.697586,0.602890,0.653589,0.687125,0.724671,0.643546,0.591676,0.654355,0.654323,0.615538,0.652208,0.696415,0.772622,0.707987,0.648187,0.682210,0.700785,0.679153,0.632296,0.673594,0.671426,0.765690,0.715658,0.736231,0.698712,0.757786,0.706923,0.690913,0.612279,0.685708,0.704997,0.725238,0.738229,0.767147,0.714584,0.660635,0.656391,0.644143,0.615651,0.648782,0.667833,0.741064,0.714011,0.687126,0.627267,0.649828,0.631640,0.666330,0.649937,0.704044,0.665306,0.670811,0.704443,0.639242,0.667562,0.768636,0.720539,0.667323,0.713574,0.706831,0.681995,0.697417,0.711424,0.764616,0.593972,0.602318,0.656670,0.698000,0.738653,0.676312,0.698683,0.722247,0.693613,0.649537,0.689947,0.724141,0.695623,0.687381,0.705524,0.689528,0.675890,0.613878,0.757083,0.754218,0.689407,0.671305,0.698609,0.788484,0.729497,0.621197,0.570475,0.674174,0.632597,0.603043,0.604934,0.742600,0.793359,0.699691,0.661935,0.676498,0.689858,0.686752,0.687658,0.640224,0.710584,0.655460,0.661181,0.692282,0.726307,0.684651,0.649102,0.652867,0.643105,0.703791,0.752033,0.600369,0.620109
6,0.169104,0.155192,0.205852,0.240875,0.161467,0.174388,0.096007,0.204310,0.147069,0.270120,0.143676,0.179219,0.224869,0.144924,0.126002,0.174433,0.210891,0.129033,0.128968,0.181456,0.134461,0.103507,0.335477,0.173593,0.266330,0.230386,0.310113,0.167246,0.144183,0.148562,0.154725,0.322673,0.246124,0.181896,0.233179,0.170487,0.174178,0.185344,0.155626,0.115872,0.089944,0.083902,0.083241,0.074314,0.150512,0.144134,0.083531,0.122443,0.275773,0.146459,0.080809,0.225110,0.277511,0.152240,0.134563,0.201109,0.280310,0.251664,0.490116,0.106773,0.137310,0.153148,0.170623,0.170036,0.105959,0.160759,0.178481,0.145290,0.233384,0.326377,0.139332,0.141905,0.299944,0.352344,0.240659,0.203601,0.207708,0.354649,0.274158,0.242125,0.158854,0.245704,0.303967,0.316850,0.366551,0.274574,0.222952,0.269189,0.234709,0.127808,0.129660,0.179459,0.167151,0.155237,0.171351,0.281048,0.198204,0.117508,0.106340,0.089064,0.128028,0.176932,0.247507,0.178038,0.209128,0.107717,0.138260,0.119208,0.113129,0.141731,0.305584,0.252912,0.089132,0.170372,0.261036,0.165430,0.227267,0.152567,0.131200,0.157764,0.138798,0.173335,0.150110,0.170639,0.332232,0.128858,0.152790,0.097398,0.133846,0.275854,0.317711,0.224804,0.127663,0.167985,0.155952,0.170295,0.344469,0.380617,0.279548,0.257960,0.201364,0.193209,0.124708,0.118701,0.175201,0.150756,0.210502,0.118404,0.221021,0.211074,0.182573,0.103700,0.156336,0.208707,0.127421,0.297813,0.194880,0.108705,0.181969,0.181976,0.139700,0.119857,0.124845,0.232497,0.324567,0.132285,0.180048,0.160892,0.127935,0.141140,0.135832,0.134320,0.139432,0.211149,0.109781,0.260821,0.148066,0.271601,0.156780,0.142630,0.201276,0.213774,0.217777,0.252515,0.162204,0.398473,0.153341,0.199471,0.355673,0.281797,0.276209,0.195434,0.143131,0.308833,0.115567,0.091335,0.107133,0.112245,0.108410,0.174304,0.178602,0.225766,0.147062,0.209194,0.196091,0.095244,0.144172,0.196442,0.304618,0.174881,0.218176,0.127411,0.198308,0.181941,0.185352,0.138783,0.111073,0.287945,0.153662,0.148055,0.212514,0.157163,0.104772,0.137576,0.229395,0.203831,0.362238,0.218900,0.184372,0.184829,0.231975,0.241133,0.289318,0.226309,0.116108,0.172337,0.323839,0.253768,0.127008,0.135201,0.195272,0.213009,0.238568,0.179027,0.127776,0.122126,0.121013,0.274879,0.240648,0.244543,0.186682,0.172629,0.175974,0.185634,0.136169,0.270445,0.218414,0.217738,0.234403,0.136358,0.143193,0.288227,0.195394,0.204231,0.232797,0.086854,0.107892,0.145686,0.183212,0.158208,0.215331,0.180900,0.146108,0.234870,0.327393,0.168483,0.283297,0.255950,0.151269,0.146732,0.096218,0.202570,0.324479,0.224310,0.122492,0.176528,0.144517,0.214221,0.217420,0.268280,0.206857,0.107907,0.148171,0.246308,0.338186,0.290800,0.164923,0.144964,0.195281,0.154159,0.233089,0.125926,0.191729,0.162346,0.375392,0.453139,0.225593,0.111925,0.116499,0.123281,0.176463,0.228186,0.215503,0.212532,0.125559,0.202834,0.219373,0.203703,0.199482,0.138524,0.121082,0.089740,0.193995,0.246476,0.281769,0.104990,0.269813,0.521110,0.227580,0.278067,0.181299,0.137873,0.311491,0.206428,0.310857,0.148468,0.114164,0.178637,0.203049,0.265858,0.256605,0.311883,0.148342,0.161109,0.340769,0.180200,0.261503,0.254364,0.177187,0.160753,0.181894,0.199011,0.170723,0.219849,0.153600,0.158838,0.131770,0.278114,0.144116,0.288447,0.407935,0.236299,0.134649,0.133822,0.290973,0.218047,0.151809,0.126509,0.090084,0.135688,0.272948,0.167919,0.141949,0.104742,0.095079,0.165386,0.162854,0.432819,0.575638,0.141251,0.114304,0.157255,0.262787,0.523283,0.337698,0.384364,0.329800,0.219126,0.237747,0.268041,0.254498,0.149646,0.303179,0.173522,0.199468,0.083113,0.167630,0.199803,0.192964,0.187518,0.361600,0.126361,0.176250,0.148422,0.157014,0.171316,0.323903,0.291907,0.124476,0.361427,0.238234,0.234342,0.246506,0.157469,0.164078,0.187614,0.190515,0.191631,0.276413,0.255040,0.089762,0.143044,0.122307,0.159367,0.167470,0.115218,0.130878,0.365911,0.235269,0.179383,0.285332,0.318913,0.261200,0.220883,0.135438,0.298085,0.315664,0.191226,0.208542,0.140280,0.175845,0.245360,0.172687,0.236839,0.117895,0.136004,0.136062,0.148769,0.169309,0.185958,0.299753,0.265314,0.185976,0.474647,0.291052,0.204587,0.182628,0.338397,0.270195,0.172053,0.251152,0.280513,0.203446,0.340605,0.147304,0.206920,0.186592,0.216502,0.121403,0.137003,0.300817,0.249469,0.113995,0.193495,0.109155,0.209536,0.174463,0.493625,0.128903,0.168835,0.177577,0.322981,0.282187,0.294678,0.120324,0.173752,0.174058,0.188777,0.202115,0.122692,0.154401,0.233739,0.125359,0.147647,0.233971,0.340133,0.210756,0.144426,0.150324,0.179003,0.227974,0.120472,0.333879,0.266062,0.351180,0.275110,0.389189,0.192807,0.238834,0.162650,0.316070,0.130871,0.200768,0.329412,0.260561,0.256228,0.311838,0.177475,0.109608,0.090310,0.214602,0.159770,0.245486,0.195699,0.254228,0.192701,0.219024,0.100241,0.260249,0.178792,0.200433,0.112876,0.233422,0.229987,0.156709,0.236406,0.163123,0.250950,0.403529,0.332986,0.306224,0.207506,0.195628,0.155203,0.231470,0.240117,0.368449,0.122882,0.134841,0.219188,0.159255,0.178814,0.160547,0.181988,0.333946,0.210039,0.173286,0.212080,0.269948,0.220759,0.251141,0.218571,0.211264,0.153094,0.095952,0.452781,0.286015,0.253538,0.439907,0.238412,0.351049,0.201956,0.153369,0.120735,0.177172,0.223895,0.148192,0.115490,0.414626,0.430988,0.158688,0.139151,0.220401,0.196393,0.179730,0.161048,0.121979,0.244970,0.152167,0.159067,0.167339,0.293747,0.222058,0.153190,0.147659,0.158518,0.207000,0.327783,0.093775,0.208425
6, 0.629945
